"metric","value","definition"
"benchmark_window_start","2022-09-01","first collection date included"
"benchmark_window_end","2025-03-01","last collection date included"
"benchmark_window_years","2.50","window length in years"
"collection_isolates","1594","isolates collected in the window"
"collection_strains","549","WGS-defined strains among them"
"collection_clusters","101","WGS-defined transmission clusters among them (THRESHER)"
"benchmark_locus","cand_13","locus reported on, by its row in results/tables/locus_candidates.xlsx"
"isolates_typed","1060","isolates in the window carrying a haplotype at the locus"
"haplotype_types","519","distinct haplotype types among those isolates"
"clusters_reached","93","clusters with at least one typed isolate"
"pct_clusters_reached","92.08","clusters_reached as a percentage of collection_clusters"
"types_reproducing_a_cluster","155","types credited to a cluster under condition 1, 2 or 3"
"clusters_reproduced_exactly","11","clusters a single type reproduces exactly (condition 1)"
"sequence_types","58","STs among the typed isolates"
"sequence_types_with_specific_haplotypes","46","STs having at least one haplotype seen in no other ST"
"st_specific_haplotypes_min","1","ST-specific haplotypes per ST, across those STs"
"st_specific_haplotypes_q1","1","ST-specific haplotypes per ST, across those STs"
"st_specific_haplotypes_median","2.5","ST-specific haplotypes per ST, across those STs"
"st_specific_haplotypes_q3","8.75","ST-specific haplotypes per ST, across those STs"
"st_specific_haplotypes_max","124","ST-specific haplotypes per ST, across those STs"
"st_specific_haplotypes_mean","9.83","ST-specific haplotypes per ST, across those STs"
"st_specific_haplotypes_sd","20.47","ST-specific haplotypes per ST, across those STs"
