"month","n_genome","n_strain","n_ST","n_cluster","n_haplotype","n_typed_genome","n_untypeable_genome"
2022-09-01,60,35,18,12,31,34,26
2022-10-01,78,43,17,15,44,47,31
2022-11-01,68,42,19,16,36,43,25
2022-12-01,62,37,14,15,38,43,19
2023-01-01,68,36,15,11,42,49,19
2023-02-01,56,35,16,15,31,33,23
2023-03-01,65,41,16,16,36,47,18
2023-04-01,68,39,18,17,40,51,17
2023-05-01,70,44,19,15,37,47,23
2023-06-01,86,39,18,16,46,64,22
2023-07-01,47,28,12,13,35,38,9
2023-08-01,42,29,13,15,30,37,5
2023-09-01,44,28,12,15,27,29,15
2023-10-01,52,24,12,9,29,31,21
2023-11-01,48,37,16,17,30,35,13
2023-12-01,39,17,9,7,22,30,9
2024-01-01,23,17,12,7,15,17,6
2024-02-01,36,34,19,11,21,21,15
2024-03-01,40,28,14,9,25,27,13
2024-04-01,18,11,7,5,10,10,8
2024-05-01,52,38,16,14,26,32,20
2024-06-01,33,23,12,9,20,26,7
2024-07-01,48,29,12,11,20,28,20
2024-08-01,49,41,17,17,27,30,19
2024-09-01,60,43,19,15,28,37,23
2024-10-01,59,35,12,14,41,45,14
2024-11-01,47,37,17,13,26,28,19
2024-12-01,58,42,18,11,31,35,23
2025-01-01,55,42,15,15,26,31,24
2025-02-01,62,46,18,17,27,34,28
2025-03-01,1,1,1,0,1,1,0
